{
  "anatomy": {
    "mean_metrics": {
      "avgMAE": 0.02106843676418066,
      "IoU": 0.6098886622836827,
      "F1": 0.7340191971584415,
      "Precision": 0.7575618676761823,
      "Recall": 0.8154360154147315,
      "SuccessRate": 1.0,
      "MAE<0.1": 0.98,
      "MAE<0.2": 1.0,
      "MAE<0.3": 1.0,
      "MAE<0.4": 1.0,
      "MAE<0.5": 1.0,
      "MAE<0.6": 1.0,
      "MAE<0.7": 1.0,
      "MAE<0.8": 1.0,
      "MAE<0.9": 1.0,
      "MAE<1.0": 1.0,
      "IoU>0.5": 0.79,
      "IoU>0.6": 0.58,
      "IoU>0.7": 0.31,
      "IoU>0.8": 0.18,
      "IoU>0.9": 0.03,
      "F1>0.5": 0.92,
      "F1>0.6": 0.86,
      "F1>0.7": 0.71,
      "F1>0.8": 0.4,
      "F1>0.9": 0.15,
      "Precision>0.5": 0.92,
      "Precision>0.6": 0.83,
      "Precision>0.7": 0.6,
      "Precision>0.8": 0.46,
      "Precision>0.9": 0.28,
      "Recall>0.5": 0.91,
      "Recall>0.6": 0.84,
      "Recall>0.7": 0.78,
      "Recall>0.8": 0.62,
      "Recall>0.9": 0.51,
      "total_samples": 100,
      "num_regions": 1
    },
    "regions": [
      "Brain @ MR (A)"
    ],
    "detailed_data": {
      "Brain @ MR (A)": {
        "avgMAE": 0.02106843676418066,
        "IoU": 0.6098886622836827,
        "F1": 0.7340191971584415,
        "Precision": 0.7575618676761823,
        "Recall": 0.8154360154147315,
        "SuccessRate": 1.0,
        "num_samples": 100,
        "MAE<0.1": 0.98,
        "MAE<0.2": 1.0,
        "MAE<0.3": 1.0,
        "MAE<0.4": 1.0,
        "MAE<0.5": 1.0,
        "MAE<0.6": 1.0,
        "MAE<0.7": 1.0,
        "MAE<0.8": 1.0,
        "MAE<0.9": 1.0,
        "MAE<1.0": 1.0,
        "IoU>0.5": 0.79,
        "IoU>0.6": 0.58,
        "IoU>0.7": 0.31,
        "IoU>0.8": 0.18,
        "IoU>0.9": 0.03,
        "F1>0.5": 0.92,
        "F1>0.6": 0.86,
        "F1>0.7": 0.71,
        "F1>0.8": 0.4,
        "F1>0.9": 0.15,
        "Precision>0.5": 0.92,
        "Precision>0.6": 0.83,
        "Precision>0.7": 0.6,
        "Precision>0.8": 0.46,
        "Precision>0.9": 0.28,
        "Recall>0.5": 0.91,
        "Recall>0.6": 0.84,
        "Recall>0.7": 0.78,
        "Recall>0.8": 0.62,
        "Recall>0.9": 0.51
      }
    }
  },
  "T/L": {
    "mean_metrics": {
      "avgMAE": 0.07569643739856972,
      "IoU": 0.3250205903734578,
      "F1": 0.37918337196526564,
      "Precision": 0.4019937807726936,
      "Recall": 0.40661708554328846,
      "SuccessRate": 1.0,
      "MAE<0.1": 0.6544502617801047,
      "MAE<0.2": 0.9057591623036649,
      "MAE<0.3": 0.9738219895287958,
      "MAE<0.4": 1.0,
      "MAE<0.5": 1.0,
      "MAE<0.6": 1.0,
      "MAE<0.7": 1.0,
      "MAE<0.8": 1.0,
      "MAE<0.9": 1.0,
      "MAE<1.0": 1.0,
      "IoU>0.5": 0.387434554973822,
      "IoU>0.6": 0.3403141361256545,
      "IoU>0.7": 0.26178010471204194,
      "IoU>0.8": 0.15706806282722513,
      "IoU>0.9": 0.08376963350785341,
      "F1>0.5": 0.43455497382198954,
      "F1>0.6": 0.4031413612565445,
      "F1>0.7": 0.36649214659685864,
      "F1>0.8": 0.2670157068062827,
      "F1>0.9": 0.14659685863874344,
      "Precision>0.5": 0.41361256544502617,
      "Precision>0.6": 0.4031413612565445,
      "Precision>0.7": 0.387434554973822,
      "Precision>0.8": 0.36649214659685864,
      "Precision>0.9": 0.27225130890052357,
      "Recall>0.5": 0.45549738219895286,
      "Recall>0.6": 0.42408376963350786,
      "Recall>0.7": 0.36649214659685864,
      "Recall>0.8": 0.2879581151832461,
      "Recall>0.9": 0.17801047120418848,
      "total_samples": 191,
      "num_regions": 2
    },
    "regions": [
      "Head-Neck Tumor/Lesion @ MR (A)",
      "Brain Tumor/Lesion @ MR (A)"
    ],
    "detailed_data": {
      "Head-Neck Tumor/Lesion @ MR (A)": {
        "avgMAE": 0.023685482668352652,
        "IoU": 0.5706039656832986,
        "F1": 0.6454934192133004,
        "Precision": 0.7077311062751057,
        "Recall": 0.6105381598018518,
        "SuccessRate": 1.0,
        "num_samples": 91,
        "MAE<0.1": 0.9120879120879121,
        "MAE<0.2": 1.0,
        "MAE<0.3": 1.0,
        "MAE<0.4": 1.0,
        "MAE<0.5": 1.0,
        "MAE<0.6": 1.0,
        "MAE<0.7": 1.0,
        "MAE<0.8": 1.0,
        "MAE<0.9": 1.0,
        "MAE<1.0": 1.0,
        "IoU>0.5": 0.7032967032967034,
        "IoU>0.6": 0.6263736263736264,
        "IoU>0.7": 0.5164835164835165,
        "IoU>0.8": 0.32967032967032966,
        "IoU>0.9": 0.17582417582417584,
        "F1>0.5": 0.7582417582417582,
        "F1>0.6": 0.7252747252747253,
        "F1>0.7": 0.6703296703296703,
        "F1>0.8": 0.5274725274725275,
        "F1>0.9": 0.3076923076923077,
        "Precision>0.5": 0.7472527472527473,
        "Precision>0.6": 0.7472527472527473,
        "Precision>0.7": 0.7472527472527473,
        "Precision>0.8": 0.7252747252747253,
        "Precision>0.9": 0.5604395604395604,
        "Recall>0.5": 0.7142857142857143,
        "Recall>0.6": 0.6593406593406593,
        "Recall>0.7": 0.5714285714285714,
        "Recall>0.8": 0.42857142857142855,
        "Recall>0.9": 0.25274725274725274
      },
      "Brain Tumor/Lesion @ MR (A)": {
        "avgMAE": 0.12302640620306728,
        "IoU": 0.10153971884150266,
        "F1": 0.13684122896955414,
        "Precision": 0.1237728145654987,
        "Recall": 0.22104890796799573,
        "SuccessRate": 1.0,
        "num_samples": 100,
        "MAE<0.1": 0.42,
        "MAE<0.2": 0.82,
        "MAE<0.3": 0.95,
        "MAE<0.4": 1.0,
        "MAE<0.5": 1.0,
        "MAE<0.6": 1.0,
        "MAE<0.7": 1.0,
        "MAE<0.8": 1.0,
        "MAE<0.9": 1.0,
        "MAE<1.0": 1.0,
        "IoU>0.5": 0.1,
        "IoU>0.6": 0.08,
        "IoU>0.7": 0.03,
        "IoU>0.8": 0.0,
        "IoU>0.9": 0.0,
        "F1>0.5": 0.14,
        "F1>0.6": 0.11,
        "F1>0.7": 0.09,
        "F1>0.8": 0.03,
        "F1>0.9": 0.0,
        "Precision>0.5": 0.11,
        "Precision>0.6": 0.09,
        "Precision>0.7": 0.06,
        "Precision>0.8": 0.04,
        "Precision>0.9": 0.01,
        "Recall>0.5": 0.22,
        "Recall>0.6": 0.21,
        "Recall>0.7": 0.18,
        "Recall>0.8": 0.16,
        "Recall>0.9": 0.11
      }
    }
  }
}