{
  "Brain @ MR (A)": {
    "avgMAE": 0.02106843676418066,
    "IoU": 0.6098886622836827,
    "F1": 0.7340191971584415,
    "Precision": 0.7575618676761823,
    "Recall": 0.8154360154147315,
    "SuccessRate": 1.0,
    "num_samples": 100,
    "MAE<0.1": 0.98,
    "MAE<0.2": 1.0,
    "MAE<0.3": 1.0,
    "MAE<0.4": 1.0,
    "MAE<0.5": 1.0,
    "MAE<0.6": 1.0,
    "MAE<0.7": 1.0,
    "MAE<0.8": 1.0,
    "MAE<0.9": 1.0,
    "MAE<1.0": 1.0,
    "IoU>0.5": 0.79,
    "IoU>0.6": 0.58,
    "IoU>0.7": 0.31,
    "IoU>0.8": 0.18,
    "IoU>0.9": 0.03,
    "F1>0.5": 0.92,
    "F1>0.6": 0.86,
    "F1>0.7": 0.71,
    "F1>0.8": 0.4,
    "F1>0.9": 0.15,
    "Precision>0.5": 0.92,
    "Precision>0.6": 0.83,
    "Precision>0.7": 0.6,
    "Precision>0.8": 0.46,
    "Precision>0.9": 0.28,
    "Recall>0.5": 0.91,
    "Recall>0.6": 0.84,
    "Recall>0.7": 0.78,
    "Recall>0.8": 0.62,
    "Recall>0.9": 0.51
  },
  "Head-Neck @ MR (A)": {
    "avgMAE": 0.11059548788600498,
    "IoU": 0.0,
    "F1": 0.0,
    "Precision": 0.0,
    "Recall": 0.0,
    "SuccessRate": 1.0,
    "num_samples": 9,
    "MAE<0.1": 0.3333333333333333,
    "MAE<0.2": 1.0,
    "MAE<0.3": 1.0,
    "MAE<0.4": 1.0,
    "MAE<0.5": 1.0,
    "MAE<0.6": 1.0,
    "MAE<0.7": 1.0,
    "MAE<0.8": 1.0,
    "MAE<0.9": 1.0,
    "MAE<1.0": 1.0,
    "IoU>0.5": 0.0,
    "IoU>0.6": 0.0,
    "IoU>0.7": 0.0,
    "IoU>0.8": 0.0,
    "IoU>0.9": 0.0,
    "F1>0.5": 0.0,
    "F1>0.6": 0.0,
    "F1>0.7": 0.0,
    "F1>0.8": 0.0,
    "F1>0.9": 0.0,
    "Precision>0.5": 0.0,
    "Precision>0.6": 0.0,
    "Precision>0.7": 0.0,
    "Precision>0.8": 0.0,
    "Precision>0.9": 0.0,
    "Recall>0.5": 0.0,
    "Recall>0.6": 0.0,
    "Recall>0.7": 0.0,
    "Recall>0.8": 0.0,
    "Recall>0.9": 0.0
  },
  "Head-Neck Tumor/Lesion @ MR (A)": {
    "avgMAE": 0.023685482668352652,
    "IoU": 0.5706039656832986,
    "F1": 0.6454934192133004,
    "Precision": 0.7077311062751057,
    "Recall": 0.6105381598018518,
    "SuccessRate": 1.0,
    "num_samples": 91,
    "MAE<0.1": 0.9120879120879121,
    "MAE<0.2": 1.0,
    "MAE<0.3": 1.0,
    "MAE<0.4": 1.0,
    "MAE<0.5": 1.0,
    "MAE<0.6": 1.0,
    "MAE<0.7": 1.0,
    "MAE<0.8": 1.0,
    "MAE<0.9": 1.0,
    "MAE<1.0": 1.0,
    "IoU>0.5": 0.7032967032967034,
    "IoU>0.6": 0.6263736263736264,
    "IoU>0.7": 0.5164835164835165,
    "IoU>0.8": 0.32967032967032966,
    "IoU>0.9": 0.17582417582417584,
    "F1>0.5": 0.7582417582417582,
    "F1>0.6": 0.7252747252747253,
    "F1>0.7": 0.6703296703296703,
    "F1>0.8": 0.5274725274725275,
    "F1>0.9": 0.3076923076923077,
    "Precision>0.5": 0.7472527472527473,
    "Precision>0.6": 0.7472527472527473,
    "Precision>0.7": 0.7472527472527473,
    "Precision>0.8": 0.7252747252747253,
    "Precision>0.9": 0.5604395604395604,
    "Recall>0.5": 0.7142857142857143,
    "Recall>0.6": 0.6593406593406593,
    "Recall>0.7": 0.5714285714285714,
    "Recall>0.8": 0.42857142857142855,
    "Recall>0.9": 0.25274725274725274
  },
  "Brain Tumor/Lesion @ MR (A)": {
    "avgMAE": 0.12302640620306728,
    "IoU": 0.10153971884150266,
    "F1": 0.13684122896955414,
    "Precision": 0.1237728145654987,
    "Recall": 0.22104890796799573,
    "SuccessRate": 1.0,
    "num_samples": 100,
    "MAE<0.1": 0.42,
    "MAE<0.2": 0.82,
    "MAE<0.3": 0.95,
    "MAE<0.4": 1.0,
    "MAE<0.5": 1.0,
    "MAE<0.6": 1.0,
    "MAE<0.7": 1.0,
    "MAE<0.8": 1.0,
    "MAE<0.9": 1.0,
    "MAE<1.0": 1.0,
    "IoU>0.5": 0.1,
    "IoU>0.6": 0.08,
    "IoU>0.7": 0.03,
    "IoU>0.8": 0.0,
    "IoU>0.9": 0.0,
    "F1>0.5": 0.14,
    "F1>0.6": 0.11,
    "F1>0.7": 0.09,
    "F1>0.8": 0.03,
    "F1>0.9": 0.0,
    "Precision>0.5": 0.11,
    "Precision>0.6": 0.09,
    "Precision>0.7": 0.06,
    "Precision>0.8": 0.04,
    "Precision>0.9": 0.01,
    "Recall>0.5": 0.22,
    "Recall>0.6": 0.21,
    "Recall>0.7": 0.18,
    "Recall>0.8": 0.16,
    "Recall>0.9": 0.11
  },
  "Others @ CT (A)": {
    "avgMAE": 0.04851627598206202,
    "IoU": 0.32066708315032505,
    "F1": 0.4102733268241985,
    "Precision": 0.4750706306620196,
    "Recall": 0.47660349369138627,
    "SuccessRate": 1.0,
    "num_samples": 6,
    "MAE<0.1": 0.6666666666666666,
    "MAE<0.2": 1.0,
    "MAE<0.3": 1.0,
    "MAE<0.4": 1.0,
    "MAE<0.5": 1.0,
    "MAE<0.6": 1.0,
    "MAE<0.7": 1.0,
    "MAE<0.8": 1.0,
    "MAE<0.9": 1.0,
    "MAE<1.0": 1.0,
    "IoU>0.5": 0.3333333333333333,
    "IoU>0.6": 0.16666666666666666,
    "IoU>0.7": 0.16666666666666666,
    "IoU>0.8": 0.16666666666666666,
    "IoU>0.9": 0.0,
    "F1>0.5": 0.5,
    "F1>0.6": 0.5,
    "F1>0.7": 0.16666666666666666,
    "F1>0.8": 0.16666666666666666,
    "F1>0.9": 0.0,
    "Precision>0.5": 0.5,
    "Precision>0.6": 0.5,
    "Precision>0.7": 0.5,
    "Precision>0.8": 0.5,
    "Precision>0.9": 0.16666666666666666,
    "Recall>0.5": 0.5,
    "Recall>0.6": 0.3333333333333333,
    "Recall>0.7": 0.3333333333333333,
    "Recall>0.8": 0.3333333333333333,
    "Recall>0.9": 0.16666666666666666
  },
  "Urinary System @ CT (A)": {
    "avgMAE": 0.029396092891693114,
    "IoU": 0.3258820529307841,
    "F1": 0.4608526783922008,
    "Precision": 0.7747745531503156,
    "Recall": 0.33163464345816296,
    "SuccessRate": 1.0,
    "num_samples": 5,
    "MAE<0.1": 1.0,
    "MAE<0.2": 1.0,
    "MAE<0.3": 1.0,
    "MAE<0.4": 1.0,
    "MAE<0.5": 1.0,
    "MAE<0.6": 1.0,
    "MAE<0.7": 1.0,
    "MAE<0.8": 1.0,
    "MAE<0.9": 1.0,
    "MAE<1.0": 1.0,
    "IoU>0.5": 0.2,
    "IoU>0.6": 0.0,
    "IoU>0.7": 0.0,
    "IoU>0.8": 0.0,
    "IoU>0.9": 0.0,
    "F1>0.5": 0.6,
    "F1>0.6": 0.2,
    "F1>0.7": 0.0,
    "F1>0.8": 0.0,
    "F1>0.9": 0.0,
    "Precision>0.5": 0.8,
    "Precision>0.6": 0.8,
    "Precision>0.7": 0.8,
    "Precision>0.8": 0.8,
    "Precision>0.9": 0.8,
    "Recall>0.5": 0.2,
    "Recall>0.6": 0.0,
    "Recall>0.7": 0.0,
    "Recall>0.8": 0.0,
    "Recall>0.9": 0.0
  },
  "Vein @ CT (A)": {
    "avgMAE": 0.0070924455920855205,
    "IoU": 0.6451001726404361,
    "F1": 0.7082743674823615,
    "Precision": 0.7151395813749153,
    "Recall": 0.7052280409962212,
    "SuccessRate": 1.0,
    "num_samples": 15,
    "MAE<0.1": 1.0,
    "MAE<0.2": 1.0,
    "MAE<0.3": 1.0,
    "MAE<0.4": 1.0,
    "MAE<0.5": 1.0,
    "MAE<0.6": 1.0,
    "MAE<0.7": 1.0,
    "MAE<0.8": 1.0,
    "MAE<0.9": 1.0,
    "MAE<1.0": 1.0,
    "IoU>0.5": 0.7333333333333333,
    "IoU>0.6": 0.7333333333333333,
    "IoU>0.7": 0.6,
    "IoU>0.8": 0.5333333333333333,
    "IoU>0.9": 0.2,
    "F1>0.5": 0.8,
    "F1>0.6": 0.8,
    "F1>0.7": 0.7333333333333333,
    "F1>0.8": 0.6666666666666666,
    "F1>0.9": 0.5333333333333333,
    "Precision>0.5": 0.8,
    "Precision>0.6": 0.8,
    "Precision>0.7": 0.6666666666666666,
    "Precision>0.8": 0.6666666666666666,
    "Precision>0.9": 0.6,
    "Recall>0.5": 0.8,
    "Recall>0.6": 0.8,
    "Recall>0.7": 0.7333333333333333,
    "Recall>0.8": 0.6,
    "Recall>0.9": 0.4666666666666667
  },
  "Artery @ CT (A)": {
    "avgMAE": 0.0070216601545160465,
    "IoU": 0.6232458886862074,
    "F1": 0.7221499811424222,
    "Precision": 0.7932425315582207,
    "Recall": 0.6786297754493127,
    "SuccessRate": 1.0,
    "num_samples": 22,
    "MAE<0.1": 1.0,
    "MAE<0.2": 1.0,
    "MAE<0.3": 1.0,
    "MAE<0.4": 1.0,
    "MAE<0.5": 1.0,
    "MAE<0.6": 1.0,
    "MAE<0.7": 1.0,
    "MAE<0.8": 1.0,
    "MAE<0.9": 1.0,
    "MAE<1.0": 1.0,
    "IoU>0.5": 0.8636363636363636,
    "IoU>0.6": 0.5454545454545454,
    "IoU>0.7": 0.45454545454545453,
    "IoU>0.8": 0.3181818181818182,
    "IoU>0.9": 0.0,
    "F1>0.5": 0.8636363636363636,
    "F1>0.6": 0.8636363636363636,
    "F1>0.7": 0.8181818181818182,
    "F1>0.8": 0.5454545454545454,
    "F1>0.9": 0.3181818181818182,
    "Precision>0.5": 0.8636363636363636,
    "Precision>0.6": 0.8636363636363636,
    "Precision>0.7": 0.8636363636363636,
    "Precision>0.8": 0.7727272727272727,
    "Precision>0.9": 0.4090909090909091,
    "Recall>0.5": 0.8636363636363636,
    "Recall>0.6": 0.6818181818181818,
    "Recall>0.7": 0.5909090909090909,
    "Recall>0.8": 0.45454545454545453,