{
  "Box/Image < 5%": {
    "avgMAE": 0.04765763749844281,
    "IoU": 0.47368712876095526,
    "F1": 0.547671761180828,
    "Precision": 0.5763488962442519,
    "Recall": 0.5765343152976169,
    "SuccessRate": 1.0,
    "num_samples": 392,
    "MRE<0.1": 0.8035714285714286,
    "MRE<0.2": 0.9489795918367347,
    "MRE<0.3": 0.9872448979591837,
    "MRE<0.4": 1.0,
    "MRE<0.5": 1.0,
    "MRE<0.6": 1.0,
    "MRE<0.7": 1.0,
    "MRE<0.8": 1.0,
    "MRE<0.9": 1.0,
    "MRE<1.0": 1.0,
    "IoU>0.5": 0.5739795918367347,
    "IoU>0.6": 0.46938775510204084,
    "IoU>0.7": 0.3520408163265306,
    "IoU>0.8": 0.25,
    "IoU>0.9": 0.12244897959183673,
    "F1>0.5": 0.6428571428571429,
    "F1>0.6": 0.6045918367346939,
    "F1>0.7": 0.5306122448979592,
    "F1>0.8": 0.3852040816326531,
    "F1>0.9": 0.23214285714285715,
    "Precision>0.5": 0.6326530612244898,
    "Precision>0.6": 0.6020408163265306,
    "Precision>0.7": 0.5306122448979592,
    "Precision>0.8": 0.4846938775510204,
    "Precision>0.9": 0.36989795918367346,
    "Recall>0.5": 0.6428571428571429,
    "Recall>0.6": 0.5943877551020408,
    "Recall>0.7": 0.5408163265306123,
    "Recall>0.8": 0.4387755102040816,
    "Recall>0.9": 0.3163265306122449
  },
  "25% <= Box/Image < 30%": {
    "avgMAE": 0.1817890666425228,
    "IoU": 0.08371510558197463,
    "F1": 0.15449651878206147,
    "Precision": 1.0,
    "Recall": 0.08371510558197463,
    "SuccessRate": 1.0,
    "num_samples": 1,
    "MRE<0.1": 0.0,
    "MRE<0.2": 1.0,
    "MRE<0.3": 1.0,
    "MRE<0.4": 1.0,
    "MRE<0.5": 1.0,
    "MRE<0.6": 1.0,
    "MRE<0.7": 1.0,
    "MRE<0.8": 1.0,
    "MRE<0.9": 1.0,
    "MRE<1.0": 1.0,
    "IoU>0.5": 0.0,
    "IoU>0.6": 0.0,
    "IoU>0.7": 0.0,
    "IoU>0.8": 0.0,
    "IoU>0.9": 0.0,
    "F1>0.5": 0.0,
    "F1>0.6": 0.0,
    "F1>0.7": 0.0,
    "F1>0.8": 0.0,
    "F1>0.9": 0.0,
    "Precision>0.5": 1.0,
    "Precision>0.6": 1.0,
    "Precision>0.7": 1.0,
    "Precision>0.8": 1.0,
    "Precision>0.9": 1.0,
    "Recall>0.5": 0.0,
    "Recall>0.6": 0.0,
    "Recall>0.7": 0.0,
    "Recall>0.8": 0.0,
    "Recall>0.9": 0.0
  },
  "5% <= Box/Image < 10%": {
    "avgMAE": 0.04393231051069243,
    "IoU": 0.5686368339915016,
    "F1": 0.6824598581400453,
    "Precision": 0.7219085677138916,
    "Recall": 0.6601747709124381,
    "SuccessRate": 1.0,
    "num_samples": 7,
    "MRE<0.1": 0.8571428571428571,
    "MRE<0.2": 1.0,
    "MRE<0.3": 1.0,
    "MRE<0.4": 1.0,
    "MRE<0.5": 1.0,
    "MRE<0.6": 1.0,
    "MRE<0.7": 1.0,
    "MRE<0.8": 1.0,
    "MRE<0.9": 1.0,
    "MRE<1.0": 1.0,
    "IoU>0.5": 0.8571428571428571,
    "IoU>0.6": 0.7142857142857143,
    "IoU>0.7": 0.42857142857142855,
    "IoU>0.8": 0.0,
    "IoU>0.9": 0.0,
    "F1>0.5": 0.8571428571428571,
    "F1>0.6": 0.8571428571428571,
    "F1>0.7": 0.8571428571428571,
    "F1>0.8": 0.42857142857142855,
    "F1>0.9": 0.0,
    "Precision>0.5": 0.8571428571428571,
    "Precision>0.6": 0.8571428571428571,
    "Precision>0.7": 0.8571428571428571,
    "Precision>0.8": 0.5714285714285714,
    "Precision>0.9": 0.14285714285714285,
    "Recall>0.5": 0.8571428571428571,
    "Recall>0.6": 0.7142857142857143,
    "Recall>0.7": 0.5714285714285714,
    "Recall>0.8": 0.42857142857142855,
    "Recall>0.9": 0.14285714285714285
  }
}