{
  "Box/Image < 5%": {
    "avgMAE": 0.281779152440149,
    "IoU": 0.01598999713135143,
    "F1": 0.02951641667843522,
    "Precision": 0.017703895086830953,
    "Recall": 0.4371235708281521,
    "SuccessRate": 1.0,
    "num_samples": 1967,
    "MRE<0.1": 0.0,
    "MRE<0.2": 0.0,
    "MRE<0.3": 0.8301982714794103,
    "MRE<0.4": 1.0,
    "MRE<0.5": 1.0,
    "MRE<0.6": 1.0,
    "MRE<0.7": 1.0,
    "MRE<0.8": 1.0,
    "MRE<0.9": 1.0,
    "MRE<1.0": 1.0,
    "IoU>0.5": 0.0,
    "IoU>0.6": 0.0,
    "IoU>0.7": 0.0,
    "IoU>0.8": 0.0,
    "IoU>0.9": 0.0,
    "F1>0.5": 0.0,
    "F1>0.6": 0.0,
    "F1>0.7": 0.0,
    "F1>0.8": 0.0,
    "F1>0.9": 0.0,
    "Precision>0.5": 0.0,
    "Precision>0.6": 0.0,
    "Precision>0.7": 0.0,
    "Precision>0.8": 0.0,
    "Precision>0.9": 0.0,
    "Recall>0.5": 0.15709201830198272,
    "Recall>0.6": 0.001525165226232842,
    "Recall>0.7": 0.0,
    "Recall>0.8": 0.0,
    "Recall>0.9": 0.0
  },
  "5% <= Box/Image < 10%": {
    "avgMAE": 0.2423507273640836,
    "IoU": 0.08669842588825033,
    "F1": 0.146640046797345,
    "Precision": 0.11257625033891759,
    "Recall": 0.4012729867621583,
    "SuccessRate": 1.0,
    "num_samples": 162,
    "MRE<0.1": 0.0,
    "MRE<0.2": 0.0,
    "MRE<0.3": 1.0,
    "MRE<0.4": 1.0,
    "MRE<0.5": 1.0,
    "MRE<0.6": 1.0,
    "MRE<0.7": 1.0,
    "MRE<0.8": 1.0,
    "MRE<0.9": 1.0,
    "MRE<1.0": 1.0,
    "IoU>0.5": 0.0,
    "IoU>0.6": 0.0,
    "IoU>0.7": 0.0,
    "IoU>0.8": 0.0,
    "IoU>0.9": 0.0,
    "F1>0.5": 0.0,
    "F1>0.6": 0.0,
    "F1>0.7": 0.0,
    "F1>0.8": 0.0,
    "F1>0.9": 0.0,
    "Precision>0.5": 0.0,
    "Precision>0.6": 0.0,
    "Precision>0.7": 0.0,
    "Precision>0.8": 0.0,
    "Precision>0.9": 0.0,
    "Recall>0.5": 0.06790123456790123,
    "Recall>0.6": 0.0,
    "Recall>0.7": 0.0,
    "Recall>0.8": 0.0,
    "Recall>0.9": 0.0
  },
  "15% <= Box/Image < 20%": {
    "avgMAE": 0.1959259179274806,
    "IoU": 0.19598538966818646,
    "F1": 0.3010390393516554,
    "Precision": 0.2992973964608941,
    "Recall": 0.4455291045426512,
    "SuccessRate": 1.0,
    "num_samples": 41,
    "MRE<0.1": 0.0,
    "MRE<0.2": 0.7317073170731707,
    "MRE<0.3": 1.0,
    "MRE<0.4": 1.0,
    "MRE<0.5": 1.0,
    "MRE<0.6": 1.0,
    "MRE<0.7": 1.0,
    "MRE<0.8": 1.0,
    "MRE<0.9": 1.0,
    "MRE<1.0": 1.0,
    "IoU>0.5": 0.0,
    "IoU>0.6": 0.0,
    "IoU>0.7": 0.0,
    "IoU>0.8": 0.0,
    "IoU>0.9": 0.0,
    "F1>0.5": 0.0,
    "F1>0.6": 0.0,
    "F1>0.7": 0.0,
    "F1>0.8": 0.0,
    "F1>0.9": 0.0,
    "Precision>0.5": 0.0,
    "Precision>0.6": 0.0,
    "Precision>0.7": 0.0,
    "Precision>0.8": 0.0,
    "Precision>0.9": 0.0,
    "Recall>0.5": 0.07317073170731707,
    "Recall>0.6": 0.0,
    "Recall>0.7": 0.0,
    "Recall>0.8": 0.0,
    "Recall>0.9": 0.0
  },
  "20% <= Box/Image < 25%": {
    "avgMAE": 0.19477308800615104,
    "IoU": 0.2115955222022161,
    "F1": 0.3192643441349926,
    "Precision": 0.3589243459195602,
    "Recall": 0.4114402084064947,
    "SuccessRate": 1.0,
    "num_samples": 60,
    "MRE<0.1": 0.0,
    "MRE<0.2": 0.7,
    "MRE<0.3": 1.0,
    "MRE<0.4": 1.0,
    "MRE<0.5": 1.0,
    "MRE<0.6": 1.0,
    "MRE<0.7": 1.0,
    "MRE<0.8": 1.0,
    "MRE<0.9": 1.0,
    "MRE<1.0": 1.0,
    "IoU>0.5": 0.0,
    "IoU>0.6": 0.0,
    "IoU>0.7": 0.0,
    "IoU>0.8": 0.0,
    "IoU>0.9": 0.0,
    "F1>0.5": 0.0,
    "F1>0.6": 0.0,
    "F1>0.7": 0.0,
    "F1>0.8": 0.0,
    "F1>0.9": 0.0,
    "Precision>0.5": 0.0,
    "Precision>0.6": 0.0,
    "Precision>0.7": 0.0,
    "Precision>0.8": 0.0,
    "Precision>0.9": 0.0,
    "Recall>0.5": 0.03333333333333333,
    "Recall>0.6": 0.0,
    "Recall>0.7": 0.0,
    "Recall>0.8": 0.0,
    "Recall>0.9": 0.0
  },
  "25% <= Box/Image < 30%": {
    "avgMAE": 0.18765488132463157,
    "IoU": 0.237970405579263,
    "F1": 0.3501995631564711,
    "Precision": 0.43061251176183557,
    "Recall": 0.4082521930542186,
    "SuccessRate": 1.0,
    "num_samples": 57,
    "MRE<0.1": 0.0,
    "MRE<0.2": 0.9473684210526315,
    "MRE<0.3": 1.0,
    "MRE<0.4": 1.0,
    "MRE<0.5": 1.0,
    "MRE<0.6": 1.0,
    "MRE<0.7": 1.0,
    "MRE<0.8": 1.0,
    "MRE<0.9": 1.0,
    "MRE<1.0": 1.0,
    "IoU>0.5": 0.0,
    "IoU>0.6": 0.0,
    "IoU>0.7": 0.0,
    "IoU>0.8": 0.0,
    "IoU>0.9": 0.0,
    "F1>0.5": 0.0,
    "F1>0.6": 0.0,
    "F1>0.7": 0.0,
    "F1>0.8": 0.0,
    "F1>0.9": 0.0,
    "Precision>0.5": 0.017543859649122806,
    "Precision>0.6": 0.0,
    "Precision>0.7": 0.0,
    "Precision>0.8": 0.0,
    "Precision>0.9": 0.0,
    "Recall>0.5": 0.0,
    "Recall>0.6": 0.0,
    "Recall>0.7": 0.0,
    "Recall>0.8": 0.0,
    "Recall>0.9": 0.0
  },
  "30% <= Box/Image < 35%": {
    "avgMAE": 0.18324992216721034,
    "IoU": 0.25850692993832963,
    "F1": 0.3731720734674803,
    "Precision": 0.5061507859517203,
    "Recall": 0.3963690398128746,
    "SuccessRate": 1.0,
    "num_samples": 83,
    "MRE<0.1": 0.0,
    "MRE<0.2": 0.9759036144578314,
    "MRE<0.3": 1.0,
    "MRE<0.4": 1.0,
    "MRE<0.5": 1.0,
    "MRE<0.6": 1.0,
    "MRE<0.7": 1.0,
    "MRE<0.8": 1.0,
    "MRE<0.9": 1.0,
    "MRE<1.0": 1.0,
    "IoU>0.5": 0.0,
    "IoU>0.6": 0.0,
    "IoU>0.7": 0.0,
    "IoU>0.8": 0.0,
    "IoU>0.9": 0.0,
    "F1>0.5": 0.0,
    "F1>0.6": 0.0,
    "F1>0.7": 0.0,
    "F1>0.8": 0.0,
    "F1>0.9": 0.0,
    "Precision>0.5": 0.5662650602409639,
    "Precision>0.6": 0.0,
    "Precision>0.7": 0.0,
    "Precision>0.8": 0.0,
    "Precision>0.9": 0.0,
    "Recall>0.5": 0.0,
    "Recall>0.6": 0.0,
    "Recall>0.7": 0.0,
    "Recall>0.8": 0.0,
    "Recall>0.9": 0.0
  },
  "10% <= Box/Image < 15%": {
    "avgMAE": 0.21722680527041702,
    "IoU": 0.13593020695307523,
    "F1": 0.21971622390589618,
    "Precision": 0.1924714410274039,
    "Recall": 0.4203498368110293,
    "SuccessRate": 1.0,
    "num_samples": 30,
    "MRE<0.1": 0.0,
    "MRE<0.2": 0.03333333333333333,
    "MRE<0.3": 1.0,
    "MRE<0.4": 1.0,
    "MRE<0.5": 1.0,
    "MRE<0.6": 1.0,
    "MRE<0.7": 1.0,
    "MRE<0.8": 1.0,
    "MRE<0.9": 1.0,
    "MRE<1.0": 1.0,
    "IoU>0.5": 0.0,
    "IoU>0.6": 0.0,
    "IoU>0.7": 0.0,
    "IoU>0.8": 0.0,
    "IoU>0.9": 0.0,
    "F1>0.5": 0.0,
    "F1>0.6": 0.0,
    "F1>0.7": 0.0,
    "F1>0.8": 0.0,
    "F1>0.9": 0.0,
    "Precision>0.5": 0.0,
    "Precision>0.6": 0.0,
    "Precision>0.7": 0.0,
    "Precision>0.8": 0.0,
    "Precision>0.9": 0.0,
    "Recall>0.5": 0.0,
    "Recall>0.6": 0.0,
    "Recall>0.7": 0.0,
    "Recall>0.8": 0.0,
    "Recall>0.9": 0.0
  }
}