{
  "liver tumor @ CT (A)": {
    "avgMAE": 32.156838230490685,
    "avgMRE": 0.869565529426471,
    "SuccessRate": 1.0,
    "num_samples": 200,
    "MRE<0.1": 0.035,
    "MRE<0.2": 0.065,
    "MRE<0.3": 0.085,
    "MRE<0.4": 0.115,
    "MRE<0.5": 0.13,
    "MRE<0.6": 0.145,
    "MRE<0.7": 0.155,
    "MRE<0.8": 0.17,
    "MRE<0.9": 0.175,
    "MRE<1.0": 1.0
  },
  "brain resection cavity @ MR (A)": {
    "avgMAE": 14.92552622437477,
    "avgMRE": 0.4434517220719251,
    "SuccessRate": 1.0,
    "num_samples": 100,
    "MRE<0.1": 0.19,
    "MRE<0.2": 0.39,
    "MRE<0.3": 0.54,
    "MRE<0.4": 0.62,
    "MRE<0.5": 0.64,
    "MRE<0.6": 0.65,
    "MRE<0.7": 0.67,
    "MRE<0.8": 0.67,
    "MRE<0.9": 0.69,
    "MRE<1.0": 1.0
  },
  "non-enhancing brain tumor @ MR (A)": {
    "avgMAE": 10.015536486506463,
    "avgMRE": 0.283026153176418,
    "SuccessRate": 1.0,
    "num_samples": 100,
    "MRE<0.1": 0.36,
    "MRE<0.2": 0.61,
    "MRE<0.3": 0.74,
    "MRE<0.4": 0.79,
    "MRE<0.5": 0.81,
    "MRE<0.6": 0.82,
    "MRE<0.7": 0.85,
    "MRE<0.8": 0.85,
    "MRE<0.9": 0.86,
    "MRE<1.0": 1.0
  },
  "brain tumor @ MR (A)": {
    "avgMAE": 18.24412985990957,
    "avgMRE": 0.6856342435249659,
    "SuccessRate": 0.97,
    "num_samples": 100,
    "MRE<0.1": 0.12,
    "MRE<0.2": 0.21,
    "MRE<0.3": 0.3,
    "MRE<0.4": 0.33,
    "MRE<0.5": 0.34,
    "MRE<0.6": 0.36,
    "MRE<0.7": 0.38,
    "MRE<0.8": 0.38,
    "MRE<0.9": 0.39,
    "MRE<1.0": 0.97
  },
  "metastatic lymph node @ MR (A)": {
    "avgMAE": 20.12660921717945,
    "avgMRE": 0.9074096472053064,
    "SuccessRate": 1.0,
    "num_samples": 95,
    "MRE<0.1": 0.0,
    "MRE<0.2": 0.021052631578947368,
    "MRE<0.3": 0.042105263157894736,
    "MRE<0.4": 0.07368421052631578,
    "MRE<0.5": 0.08421052631578947,
    "MRE<0.6": 0.09473684210526316,
    "MRE<0.7": 0.09473684210526316,
    "MRE<0.8": 0.09473684210526316,
    "MRE<0.9": 0.10526315789473684,
    "MRE<1.0": 1.0
  },
  "miscellaneous tumor/lesion @ CT (A)": {
    "avgMAE": 19.343072021603586,
    "avgMRE": 0.5699782544730749,
    "SuccessRate": 1.0,
    "num_samples": 100,
    "MRE<0.1": 0.02,
    "MRE<0.2": 0.13,
    "MRE<0.3": 0.18,
    "MRE<0.4": 0.21,
    "MRE<0.5": 0.28,
    "MRE<0.6": 0.46,
    "MRE<0.7": 0.83,
    "MRE<0.8": 0.85,
    "MRE<0.9": 0.87,
    "MRE<1.0": 1.0
  },
  "enhancing brain tumor @ MR (A)": {
    "avgMAE": 17.868132513165474,
    "avgMRE": 0.38657243642088895,
    "SuccessRate": 1.0,
    "num_samples": 100,
    "MRE<0.1": 0.13,
    "MRE<0.2": 0.46,
    "MRE<0.3": 0.68,
    "MRE<0.4": 0.71,
    "MRE<0.5": 0.73,
    "MRE<0.6": 0.74,
    "MRE<0.7": 0.74,
    "MRE<0.8": 0.74,
    "MRE<0.9": 0.74,
    "MRE<1.0": 1.0
  },
  "kidney tumor @ CT (A)": {
    "avgMAE": 36.29028372687288,
    "avgMRE": 0.8730043909497972,
    "SuccessRate": 1.0,
    "num_samples": 100,
    "MRE<0.1": 0.03,
    "MRE<0.2": 0.06,
    "MRE<0.3": 0.09,
    "MRE<0.4": 0.11,
    "MRE<0.5": 0.12,
    "MRE<0.6": 0.15,
    "MRE<0.7": 0.16,
    "MRE<0.8": 0.16,
    "MRE<0.9": 0.16,
    "MRE<1.0": 1.0
  }
}