{
  "enhancing brain tumor @ MR (A)": {
    "avgMAE": 32.34040619850159,
    "avgMRE": 0.6791684223238252,
    "SuccessRate": 1.0,
    "num_samples": 100,
    "MRE<0.1": 0.0,
    "MRE<0.2": 0.01,
    "MRE<0.3": 0.02,
    "MRE<0.4": 0.02,
    "MRE<0.5": 0.02,
    "MRE<0.6": 0.08,
    "MRE<0.7": 0.56,
    "MRE<0.8": 1.0,
    "MRE<0.9": 1.0,
    "MRE<1.0": 1.0
  },
  "non-enhancing brain tumor @ MR (A)": {
    "avgMAE": 23.086726474761964,
    "avgMRE": 0.6176971282964533,
    "SuccessRate": 1.0,
    "num_samples": 100,
    "MRE<0.1": 0.0,
    "MRE<0.2": 0.01,
    "MRE<0.3": 0.03,
    "MRE<0.4": 0.03,
    "MRE<0.5": 0.07,
    "MRE<0.6": 0.17,
    "MRE<0.7": 0.97,
    "MRE<0.8": 1.0,
    "MRE<0.9": 1.0,
    "MRE<1.0": 1.0
  },
  "brain tumor @ MR (A)": {
    "avgMAE": 15.241093730926513,
    "avgMRE": 0.4494087674271317,
    "SuccessRate": 1.0,
    "num_samples": 100,
    "MRE<0.1": 0.07,
    "MRE<0.2": 0.19,
    "MRE<0.3": 0.3,
    "MRE<0.4": 0.44,
    "MRE<0.5": 0.56,
    "MRE<0.6": 0.73,
    "MRE<0.7": 0.89,
    "MRE<0.8": 0.97,
    "MRE<0.9": 0.98,
    "MRE<1.0": 1.0
  },
  "kidney tumor @ CT (A)": {
    "avgMAE": 36.9446875,
    "avgMRE": 0.8713366521788991,
    "SuccessRate": 1.0,
    "num_samples": 100,
    "MRE<0.1": 0.0,
    "MRE<0.2": 0.0,
    "MRE<0.3": 0.0,
    "MRE<0.4": 0.0,
    "MRE<0.5": 0.0,
    "MRE<0.6": 0.0,
    "MRE<0.7": 0.01,
    "MRE<0.8": 0.11,
    "MRE<0.9": 0.76,
    "MRE<1.0": 1.0
  },
  "liver tumor @ CT (A)": {
    "avgMAE": 29.438134765625,
    "avgMRE": 0.694605801333005,
    "SuccessRate": 1.0,
    "num_samples": 200,
    "MRE<0.1": 0.0,
    "MRE<0.2": 0.025,
    "MRE<0.3": 0.045,
    "MRE<0.4": 0.1,
    "MRE<0.5": 0.185,
    "MRE<0.6": 0.265,
    "MRE<0.7": 0.38,
    "MRE<0.8": 0.61,
    "MRE<0.9": 0.945,
    "MRE<1.0": 1.0
  },
  "miscellaneous tumor/lesion @ CT (A)": {
    "avgMAE": 24.8141015625,
    "avgMRE": 0.6926122043638141,
    "SuccessRate": 1.0,
    "num_samples": 100,
    "MRE<0.1": 0.0,
    "MRE<0.2": 0.01,
    "MRE<0.3": 0.02,
    "MRE<0.4": 0.03,
    "MRE<0.5": 0.09,
    "MRE<0.6": 0.19,
    "MRE<0.7": 0.45,
    "MRE<0.8": 0.71,
    "MRE<0.9": 1.0,
    "MRE<1.0": 1.0
  },
  "brain resection cavity @ MR (A)": {
    "avgMAE": 22.88015615940094,
    "avgMRE": 0.5762879256806017,
    "SuccessRate": 1.0,
    "num_samples": 100,
    "MRE<0.1": 0.0,
    "MRE<0.2": 0.0,
    "MRE<0.3": 0.03,
    "MRE<0.4": 0.06,
    "MRE<0.5": 0.26,
    "MRE<0.6": 0.49,
    "MRE<0.7": 0.88,
    "MRE<0.8": 1.0,
    "MRE<0.9": 1.0,
    "MRE<1.0": 1.0
  },
  "metastatic lymph node @ MR (A)": {
    "avgMAE": 11.811677631578947,
    "avgMRE": 0.483503576877217,
    "SuccessRate": 1.0,
    "num_samples": 95,
    "MRE<0.1": 0.05263157894736842,
    "MRE<0.2": 0.1368421052631579,
    "MRE<0.3": 0.17894736842105263,
    "MRE<0.4": 0.29473684210526313,
    "MRE<0.5": 0.4421052631578947,
    "MRE<0.6": 0.6421052631578947,
    "MRE<0.7": 1.0,
    "MRE<0.8": 1.0,
    "MRE<0.9": 1.0,
    "MRE<1.0": 1.0
  }
}