{
  "microsoft__llava-med-v1.5-mistral-7b": {
    "anatomy": {
      "Recall": 0.018418597256503022,
      "Precision": 0.0017905644762024975,
      "F1": 0.003182507471689657,
      "IoU": 0.0017577269614448686,
      "SuccessRate": 0.04257167680278019,
      "IoU>0.5": 0.0,
      "F1>0.5": 0.0,
      "total_samples": 1151,
      "num_regions": 10
    },
    "T/L": {
      "Recall": 0.03728055656663502,
      "Precision": 0.0015810190566781037,
      "F1": 0.0029650936098102277,
      "IoU": 0.001567121608761184,
      "SuccessRate": 0.09329710144927536,
      "IoU>0.5": 0.0,
      "F1>0.5": 0.0,
      "total_samples": 1104,
      "num_regions": 7
    }
  },
  "Qwen2.5-VL-7B-SFT-detect": {
    "anatomy": {
      "Recall": 0.8154360154147315,
      "Precision": 0.7575618676761823,
      "F1": 0.7340191971584415,
      "IoU": 0.6098886622836827,
      "SuccessRate": 1.0,
      "IoU>0.5": 0.79,
      "F1>0.5": 0.92,
      "total_samples": 100,
      "num_regions": 1
    },
    "T/L": {
      "Recall": 0.40661708554328846,
      "Precision": 0.4019937807726936,
      "F1": 0.37918337196526564,
      "IoU": 0.3250205903734578,
      "SuccessRate": 1.0,
      "IoU>0.5": 0.387434554973822,
      "F1>0.5": 0.43455497382198954,
      "total_samples": 191,
      "num_regions": 2
    }
  }
}