{
  "FeTA24_distance_L-5-6": {
    "avgMAE": 7.404296875,
    "avgMRE": 0.1288290972609739,
    "SuccessRate": 1.0,
    "num_samples": 20,
    "MRE<0.1": 0.65,
    "MRE<0.2": 0.8,
    "MRE<0.3": 0.9,
    "MRE<0.4": 0.9,
    "MRE<0.5": 0.95,
    "MRE<0.6": 1.0,
    "MRE<0.7": 1.0,
    "MRE<0.8": 1.0,
    "MRE<0.9": 1.0,
    "MRE<1.0": 1.0
  },
  "FeTA24_distance_L-7-8": {
    "avgMAE": 8.562490624189376,
    "avgMRE": 0.1450466420067783,
    "SuccessRate": 1.0,
    "num_samples": 20,
    "MRE<0.1": 0.45,
    "MRE<0.2": 0.85,
    "MRE<0.3": 0.9,
    "MRE<0.4": 0.95,
    "MRE<0.5": 0.95,
    "MRE<0.6": 0.95,
    "MRE<0.7": 0.95,
    "MRE<0.8": 0.95,
    "MRE<0.9": 0.95,
    "MRE<1.0": 1.0
  },
  "FeTA24_distance_L-9-10": {
    "avgMAE": 19.799405424218428,
    "avgMRE": 0.5891666409201203,
    "SuccessRate": 0.95,
    "num_samples": 20,
    "MRE<0.1": 0.4,
    "MRE<0.2": 0.55,
    "MRE<0.3": 0.6,
    "MRE<0.4": 0.6,
    "MRE<0.5": 0.6,
    "MRE<0.6": 0.6,
    "MRE<0.7": 0.65,
    "MRE<0.8": 0.65,
    "MRE<0.9": 0.7,
    "MRE<1.0": 0.95
  },
  "FeTA24_distance_L-1-2": {
    "avgMAE": 8.137099999189378,
    "avgMRE": 0.2998683078420606,
    "SuccessRate": 1.0,
    "num_samples": 20,
    "MRE<0.1": 0.35,
    "MRE<0.2": 0.45,
    "MRE<0.3": 0.75,
    "MRE<0.4": 0.75,
    "MRE<0.5": 0.75,
    "MRE<0.6": 0.85,
    "MRE<0.7": 0.85,
    "MRE<0.8": 0.85,
    "MRE<0.9": 0.85,
    "MRE<1.0": 1.0
  },
  "FeTA24_distance_L-3-4": {
    "avgMAE": 5.54072265625,
    "avgMRE": 0.43993837700339944,
    "SuccessRate": 1.0,
    "num_samples": 20,
    "MRE<0.1": 0.1,
    "MRE<0.2": 0.4,
    "MRE<0.3": 0.55,
    "MRE<0.4": 0.6,
    "MRE<0.5": 0.75,
    "MRE<0.6": 0.8,
    "MRE<0.7": 0.85,
    "MRE<0.8": 0.95,
    "MRE<0.9": 0.95,
    "MRE<1.0": 1.0
  },
  "Ceph-Biometrics-400_angle_A-L_2_5-L_2_6": {
    "avgMAE": 3.228515625,
    "avgMRE": 0.8697736858367893,
    "SuccessRate": 1.0,
    "num_samples": 13,
    "MRE<0.1": 0.0,
    "MRE<0.2": 0.0,
    "MRE<0.3": 0.0,
    "MRE<0.4": 0.15384615384615385,
    "MRE<0.5": 0.23076923076923078,
    "MRE<0.6": 0.38461538461538464,
    "MRE<0.7": 0.46153846153846156,
    "MRE<0.8": 0.8461538461538461,
    "MRE<0.9": 0.9230769230769231,
    "MRE<1.0": 1.0
  },
  "Ceph-Biometrics-400_angle_A-L_1_2-L_2_6": {
    "avgMAE": 32.69313401442308,
    "avgMRE": 0.4086588507027921,
    "SuccessRate": 1.0,
    "num_samples": 13,
    "MRE<0.1": 0.5384615384615384,
    "MRE<0.2": 0.6153846153846154,
    "MRE<0.3": 0.6153846153846154,
    "MRE<0.4": 0.6153846153846154,
    "MRE<0.5": 0.6153846153846154,
    "MRE<0.6": 0.6153846153846154,
    "MRE<0.7": 0.6153846153846154,
    "MRE<0.8": 0.6153846153846154,
    "MRE<0.9": 0.6923076923076923,
    "MRE<1.0": 1.0
  },
  "Ceph-Biometrics-400_angle_A-L_1_2-L_2_5": {
    "avgMAE": 3.5384615384615383,
    "avgMRE": 0.045521404938081246,
    "SuccessRate": 1.0,
    "num_samples": 13,
    "MRE<0.1": 0.8461538461538461,
    "MRE<0.2": 1.0,
    "MRE<0.3": 1.0,
    "MRE<0.4": 1.0,
    "MRE<0.5": 1.0,
    "MRE<0.6": 1.0,
    "MRE<0.7": 1.0,
    "MRE<0.8": 1.0,
    "MRE<0.9": 1.0,
    "MRE<1.0": 1.0
  },
  "Ceph-Biometrics-400_angle_A-L_5_6-L_8_10": {
    "avgMAE": 33.43306790865385,
    "avgMRE": 0.5060069239190447,
    "SuccessRate": 1.0,
    "num_samples": 13,
    "MRE<0.1": 0.23076923076923078,
    "MRE<0.2": 0.46153846153846156,
    "MRE<0.3": 0.5384615384615384,
    "MRE<0.4": 0.5384615384615384,
    "MRE<0.5": 0.5384615384615384,
    "MRE<0.6": 0.5384615384615384,
    "MRE<0.7": 0.5384615384615384,
    "MRE<0.8": 0.5384615384615384,
    "MRE<0.9": 0.5384615384615384,
    "MRE<1.0": 1.0
  },
  "Ceph-Biometrics-400_angle_A-L_3_4-L_2_7": {
    "avgMAE": 43.116129557291664,
    "avgMRE": 0.5175985404743849,
    "SuccessRate": 1.0,
    "num_samples": 12,
    "MRE<0.1": 0.5,
    "MRE<0.2": 0.5,
    "MRE<0.3": 0.5,
    "MRE<0.4": 0.5,
    "MRE<0.5": 0.5,
    "MRE<0.6": 0.5,
    "MRE<0.7": 0.5,
    "MRE<0.8": 0.5,
    "MRE<0.9": 0.5,
    "MRE<1.0": 1.0
  },
  "Ceph-Biometrics-400_angle_A-L_3_4-L_17_18": {
    "avgMAE": 1.4392242431640625,
    "avgMRE": 2.0628750788978043,
    "SuccessRate": 1.0,
    "num_samples": 12,
    "MRE<0.1": 0.0,
    "MRE<0.2": 0.16666666666666666,
    "MRE<0.3": 0.16666666666666666,
    "MRE<0.4": 0.25,
    "MRE<0.5": 0.5,
    "MRE<0.6": 0.5,
    "MRE<0.7": 0.6666666666666666,
    "MRE<0.8": 0.8333333333333334,
    "MRE<0.9": 0.8333333333333334,
    "MRE<1.0": 1.0
  },
  "Ceph-Biometrics-400_angle_A-L_2_7-L_5_6": {
    "avgMAE": 4.610595703125,
    "avgMRE": 0.5372018305602123,
    "SuccessRate": 1.0,
    "num_samples": 12,
    "MRE<0.1": 0.0,
    "MRE<0.2": 0.08333333333333333,
    "MRE<0.3": 0.08333333333333333,
    "MRE<0.4": 0.16666666666666666,
    "MRE<0.5": 0.25,
    "MRE<0.6": 0.5833333333333334,
    "MRE<0.7": 0.9166666666666666,
    "MRE<0.8": 1.0,
    "MRE<0.9": 1.0,
    "MRE<1.0": 1.0
  },
  "Ceph-Biometrics-400_angle_A-L_1_2-L_9_10": {
    "avgMAE": 25.550130208333332,
    "avgMRE": 0.7377806174378733,
    "SuccessRate": 1.0,
    "num_samples": 12,
    "MRE<0.1": 0.08333333333333333,
    "MRE<0.2": 0.16666666666666666,
    "MRE<0.3": 0.16666666666666666,
    "MRE<0.4": 0.16666666666666666,
    "MRE<0.5": 0.25,
    "MRE<0.6": 0.25,
    "MRE<0.7": 0.3333333333333333,
    "MRE<0.8": 0.3333333333333333,
    "MRE<0.9": 0.3333333333333333,
    "MRE<1.0": 1.0
  }
}