{
  "Ceph-Biometrics-400_angle_A-L_2_5-L_2_6": {
    "avgMAE": 2.922551081730769,
    "avgMRE": 0.7575223387568072,
    "SuccessRate": 1.0,
    "num_samples": 13,
    "MRE<0.1": 0.0,
    "MRE<0.2": 0.0,
    "MRE<0.3": 0.15384615384615385,
    "MRE<0.4": 0.23076923076923078,
    "MRE<0.5": 0.38461538461538464,
    "MRE<0.6": 0.46153846153846156,
    "MRE<0.7": 0.8461538461538461,
    "MRE<0.8": 0.8461538461538461,
    "MRE<0.9": 0.9230769230769231,
    "MRE<1.0": 1.0
  },
  "Ceph-Biometrics-400_angle_A-L_1_2-L_2_6": {
    "avgMAE": 75.24038461538461,
    "avgMRE": 0.9740325512270986,
    "SuccessRate": 1.0,
    "num_samples": 13,
    "MRE<0.1": 0.0,
    "MRE<0.2": 0.0,
    "MRE<0.3": 0.0,
    "MRE<0.4": 0.0,
    "MRE<0.5": 0.0,
    "MRE<0.6": 0.0,
    "MRE<0.7": 0.0,
    "MRE<0.8": 0.0,
    "MRE<0.9": 0.0,
    "MRE<1.0": 1.0
  },
  "Ceph-Biometrics-400_angle_A-L_1_2-L_2_5": {
    "avgMAE": 79.77884615384616,
    "avgMRE": 0.9754609847430634,
    "SuccessRate": 1.0,
    "num_samples": 13,
    "MRE<0.1": 0.0,
    "MRE<0.2": 0.0,
    "MRE<0.3": 0.0,
    "MRE<0.4": 0.0,
    "MRE<0.5": 0.0,
    "MRE<0.6": 0.0,
    "MRE<0.7": 0.0,
    "MRE<0.8": 0.0,
    "MRE<0.9": 0.0,
    "MRE<1.0": 1.0
  },
  "Ceph-Biometrics-400_angle_A-L_5_6-L_8_10": {
    "avgMAE": 32.08894230769231,
    "avgMRE": 0.5038065599562841,
    "SuccessRate": 1.0,
    "num_samples": 13,
    "MRE<0.1": 0.0,
    "MRE<0.2": 0.07692307692307693,
    "MRE<0.3": 0.23076923076923078,
    "MRE<0.4": 0.46153846153846156,
    "MRE<0.5": 0.6923076923076923,
    "MRE<0.6": 0.7692307692307693,
    "MRE<0.7": 0.8461538461538461,
    "MRE<0.8": 0.9230769230769231,
    "MRE<0.9": 0.9230769230769231,
    "MRE<1.0": 1.0
  },
  "Ceph-Biometrics-400_angle_A-L_3_4-L_2_7": {
    "avgMAE": 35.5625,
    "avgMRE": 0.42440636781452395,
    "SuccessRate": 1.0,
    "num_samples": 12,
    "MRE<0.1": 0.0,
    "MRE<0.2": 0.0,
    "MRE<0.3": 0.0,
    "MRE<0.4": 0.5,
    "MRE<0.5": 0.8333333333333334,
    "MRE<0.6": 1.0,
    "MRE<0.7": 1.0,
    "MRE<0.8": 1.0,
    "MRE<0.9": 1.0,
    "MRE<1.0": 1.0
  },
  "Ceph-Biometrics-400_angle_A-L_3_4-L_17_18": {
    "avgMAE": 117.79811096191406,
    "avgMRE": 229.78166156600858,
    "SuccessRate": 1.0,
    "num_samples": 12,
    "MRE<0.1": 0.0,
    "MRE<0.2": 0.0,
    "MRE<0.3": 0.0,
    "MRE<0.4": 0.0,
    "MRE<0.5": 0.0,
    "MRE<0.6": 0.0,
    "MRE<0.7": 0.0,
    "MRE<0.8": 0.0,
    "MRE<0.9": 0.0,
    "MRE<1.0": 1.0
  },
  "Ceph-Biometrics-400_angle_A-L_2_7-L_5_6": {
    "avgMAE": 5.968017578125,
    "avgMRE": 0.668456995719395,
    "SuccessRate": 1.0,
    "num_samples": 12,
    "MRE<0.1": 0.08333333333333333,
    "MRE<0.2": 0.08333333333333333,
    "MRE<0.3": 0.08333333333333333,
    "MRE<0.4": 0.08333333333333333,
    "MRE<0.5": 0.16666666666666666,
    "MRE<0.6": 0.25,
    "MRE<0.7": 0.3333333333333333,
    "MRE<0.8": 0.8333333333333334,
    "MRE<0.9": 1.0,
    "MRE<1.0": 1.0
  },
  "Ceph-Biometrics-400_angle_A-L_1_2-L_9_10": {
    "avgMAE": 85.37239583333333,
    "avgMRE": 2.670313108140215,
    "SuccessRate": 1.0,
    "num_samples": 12,
    "MRE<0.1": 0.0,
    "MRE<0.2": 0.0,
    "MRE<0.3": 0.0,
    "MRE<0.4": 0.0,
    "MRE<0.5": 0.0,
    "MRE<0.6": 0.0,
    "MRE<0.7": 0.0,
    "MRE<0.8": 0.0,
    "MRE<0.9": 0.0,
    "MRE<1.0": 1.0
  },
  "FeTA24_distance_L-9-10": {
    "avgMAE": 19.06640625,
    "avgMRE": 0.6311160213574833,
    "SuccessRate": 0.6,
    "num_samples": 20,
    "MRE<0.1": 0.0,
    "MRE<0.2": 0.0,
    "MRE<0.3": 0.0,
    "MRE<0.4": 0.05,
    "MRE<0.5": 0.15,
    "MRE<0.6": 0.2,
    "MRE<0.7": 0.45,
    "MRE<0.8": 0.55,
    "MRE<0.9": 0.55,
    "MRE<1.0": 0.6
  },
  "FeTA24_distance_L-5-6": {
    "avgMAE": 57.1171875,
    "avgMRE": 0.8412634149476255,
    "SuccessRate": 0.2,
    "num_samples": 20,
    "MRE<0.1": 0.0,
    "MRE<0.2": 0.0,
    "MRE<0.3": 0.0,
    "MRE<0.4": 0.0,
    "MRE<0.5": 0.0,
    "MRE<0.6": 0.0,
    "MRE<0.7": 0.0,
    "MRE<0.8": 0.0,
    "MRE<0.9": 0.2,
    "MRE<1.0": 0.2
  },
  "FeTA24_distance_L-7-8": {
    "avgMAE": 66.96875,
    "avgMRE": 0.8635464707108118,
    "SuccessRate": 0.1,
    "num_samples": 20,
    "MRE<0.1": 0.0,
    "MRE<0.2": 0.0,
    "MRE<0.3": 0.0,
    "MRE<0.4": 0.0,
    "MRE<0.5": 0.0,
    "MRE<0.6": 0.0,
    "MRE<0.7": 0.0,
    "MRE<0.8": 0.0,
    "MRE<0.9": 0.1,
    "MRE<1.0": 0.1
  },
  "FeTA24_distance_L-1-2": {
    "avgMAE": 18.79326923076923,
    "avgMRE": 0.6239407299637639,
    "SuccessRate": 0.65,
    "num_samples": 20,
    "MRE<0.1": 0.0,
    "MRE<0.2": 0.0,
    "MRE<0.3": 0.0,
    "MRE<0.4": 0.0,
    "MRE<0.5": 0.1,
    "MRE<0.6": 0.2,
    "MRE<0.7": 0.5,
    "MRE<0.8": 0.65,
    "MRE<0.9": 0.65,
    "MRE<1.0": 0.65
  },
  "FeTA24_distance_L-3-4": {
    "avgMAE": 3.609765625,
    "avgMRE": 0.24390166798176774,
    "SuccessRate": 1.0,
    "num_samples": 20,
    "MRE<0.1": 0.15,
    "MRE<0.2": 0.5,
    "MRE<0.3": 0.65,
    "MRE<0.4": 0.9,
    "MRE<0.5": 1.0,
    "MRE<0.6": 1.0,
    "MRE<0.7": 1.0,
    "MRE<0.8": 1.0,
    "MRE<0.9": 1.0,
    "MRE<1.0": 1.0
  },
  "Ceph-Biometrics-400_distance_L-1-2": {
    "avgMAE": 49.74375,
    "avgMRE": 0.8249821219443734,
    "SuccessRate": 1.0,
    "num_samples": 10,
    "MRE<0.1": 0.0,
    "MRE<0.2": 0.0,
    "MRE<0.3": 0.0,
    "MRE<0.4": 0.0,
    "MRE<0.5": 0.0,
    "MRE<0.6": 0.0,
    "MRE<0.7": 0.0,
    "MRE<0.8": 0.0,
    "MRE<0.9": 1.0,
    "MRE<1.0": 1.0
  },
  "Ceph-Biometrics-400_distance_L-1-10": {
    "avgMAE": 60.326388888888886,
    "avgMRE": 0.8484972750545066,
    "SuccessRate": 1.0,
    "num_samples": 9,
    "MRE<0.1": 0.0,
    "MRE<0.2": 0.0,
    "MRE<0.3": 0.0,
    "MRE<0.4": 0.0,
    "MRE<0.5": 0.0,
    "MRE<0.6": 0.0,
    "MRE<0.7": 0.0,
    "MRE<0.8": 0.1111111111111111,
    "MRE<0.9": 1.0,
    "MRE<1.0": 1.0
  },
  "Ceph-Biometrics-400_distance_L-2-5": {
    "avgMAE": 47.13194444444444,
    "avgMRE": 0.8174268525462689,
    "SuccessRate": 1.0,
    "num_samples": 9,
    "MRE<0.1": 0.0,
    "MRE<0.2": 0.0,
    "MRE<0.3": 0.0,
    "MRE<0.4": 0.0,
    "MRE<0.5": 0.0,
    "MRE<0.6": 0.0,
    "MRE<0.7": 0.0,
    "MRE<0.8": 0.0,
    "MRE<0.9": 1.0,
    "MRE<1.0": 1.0
  },
  "Ceph-Biometrics-400_distance_L-2-6": {
    "avgMAE": 80.96527777777777,
    "avgMRE": 0.8850420281219256,
    "SuccessRate": 1.0,
    "num_samples": 9,
    "MRE<0.1": 0.0,
    "MRE<0.2": 0.0,
    "MRE<0.3": 0.0,
    "MRE<0.4": 0.0,
    "MRE<0.5": 0.0,
    "MRE<0.6": 0.0,
    "MRE<0.7": 0.0,
    "MRE<0.8": 0.0,
    "MRE<0.9": 1.0,
    "MRE<1.0": 1.0
  },
  "Ceph-Biometrics-400_distance_L-2-7": {
    "avgMAE": 94.36805555555556,
    "avgMRE": 0.899685749349556,
    "SuccessRate": 1.0,
    "num_samples": 9,
    "MRE<0.1": 0.0,
    "MRE<0.2": 0.0,
    "MRE<0.3": 0.0,
    "MRE<0.4": 0.0,
    "MRE<0.5": 0.0,
    "MRE<0.6": 0.0,
    "MRE<0.7": 0.0,
    "MRE<0.8": 0.0,
    "MRE<0.9": 0.5555555555555556,
    "MRE<1.0": 1.0
  },
  "Ceph-Biometrics-400_distance_L-2-8": {
    "avgMAE": 101.09027777777777,
    "avgMRE": 0.9057237727978692,
    "SuccessRate": 1.0,
    "num_samples": 9,
    "MRE<0.1": 0.0,
    "MRE<0.2": 0.0,
    "MRE<0.3": 0.0,
    "MRE<0.4": 0.0,
    "MRE<0.5": 0.0,
    "MRE<0.6": 0.0,
    "MRE<0.7": 0.0,
    "MRE<0.8": 0.0,
    "MRE<0.9": 0.1111111111111111,
    "MRE<1.0": 1.0
  },
  "Ceph-Biometrics-400_distance_L-3-4": {
    "avgMAE": 59.076388888888886,
    "avgMRE": 0.848455914272973,
    "SuccessRate": 1.0,
    "num_samples": 9,
    "MRE<0.1": 0.0,
    "MRE<0.2": 0.0,
    "MRE<0.3": 0.0,
    "MRE<0.4": 0.0,
    "MRE<0.5": 0.0,
    "MRE<0.6": 0.0,
    "MRE<0.7": 0.0,
    "MRE<0.8": 0.0,
    "MRE<0.9": 1.0,
    "MRE<1.0": 1.0
  },
  "Ceph-Biometrics-400_distance_L-5-6": {
    "avgMAE": 23.776041666666668,
    "avgMRE": 0.6884790851553733,
    "SuccessRate": 1.0,
    "num_samples": 9,
    "MRE<0.1": 0.0,
    "MRE<0.2": 0.0,
    "MRE<0.3": 0.0,
    "MRE<0.4": 0.0,
    "MRE<0.5": 0.0,
    "MRE<0.6": 0.0,
    "MRE<0.7": 0.7777777777777778,
    "MRE<0.8": 1.0,
    "MRE<0.9": 1.0,
    "MRE<1.0": 1.0
  },
  "Ceph-Biometrics-400_distance_L-8-10": {
    "avgMAE": 54.583333333333336,