{
  "Box/Image < 5%": {
    "avgMAE": 0.2159867157277308,
    "IoU": 0.0019081067558187042,
    "F1": 0.00352645116682526,
    "Precision": 0.0019351218864675657,
    "Recall": 0.031701850478800225,
    "SuccessRate": 0.07727503812913065,
    "num_samples": 1967,
    "MRE<0.1": 0.0005083884087442806,
    "MRE<0.2": 0.02338586680223691,
    "MRE<0.3": 0.07676664972038638,
    "MRE<0.4": 0.07727503812913065,
    "MRE<0.5": 0.07727503812913065,
    "MRE<0.6": 0.07727503812913065,
    "MRE<0.7": 0.07727503812913065,
    "MRE<0.8": 0.07727503812913065,
    "MRE<0.9": 0.07727503812913065,
    "MRE<1.0": 0.07727503812913065,
    "IoU>0.5": 0.0,
    "IoU>0.6": 0.0,
    "IoU>0.7": 0.0,
    "IoU>0.8": 0.0,
    "IoU>0.9": 0.0,
    "F1>0.5": 0.0,
    "F1>0.6": 0.0,
    "F1>0.7": 0.0,
    "F1>0.8": 0.0,
    "F1>0.9": 0.0,
    "Precision>0.5": 0.0,
    "Precision>0.6": 0.0,
    "Precision>0.7": 0.0,
    "Precision>0.8": 0.0,
    "Precision>0.9": 0.0,
    "Recall>0.5": 0.03253685815963396,
    "Recall>0.6": 0.0315200813421454,
    "Recall>0.7": 0.028469750889679714,
    "Recall>0.8": 0.026436197254702594,
    "Recall>0.9": 0.02338586680223691
  },
  "5% <= Box/Image < 10%": {
    "avgMAE": NaN,
    "IoU": 0.0,
    "F1": 0.0,
    "Precision": 0.0,
    "Recall": 0.0,
    "SuccessRate": 0.0,
    "num_samples": 162,
    "MRE<0.1": 0.0,
    "MRE<0.2": 0.0,
    "MRE<0.3": 0.0,
    "MRE<0.4": 0.0,
    "MRE<0.5": 0.0,
    "MRE<0.6": 0.0,
    "MRE<0.7": 0.0,
    "MRE<0.8": 0.0,
    "MRE<0.9": 0.0,
    "MRE<1.0": 0.0,
    "IoU>0.5": 0.0,
    "IoU>0.6": 0.0,
    "IoU>0.7": 0.0,
    "IoU>0.8": 0.0,
    "IoU>0.9": 0.0,
    "F1>0.5": 0.0,
    "F1>0.6": 0.0,
    "F1>0.7": 0.0,
    "F1>0.8": 0.0,
    "F1>0.9": 0.0,
    "Precision>0.5": 0.0,
    "Precision>0.6": 0.0,
    "Precision>0.7": 0.0,
    "Precision>0.8": 0.0,
    "Precision>0.9": 0.0,
    "Recall>0.5": 0.0,
    "Recall>0.6": 0.0,
    "Recall>0.7": 0.0,
    "Recall>0.8": 0.0,
    "Recall>0.9": 0.0
  },
  "15% <= Box/Image < 20%": {
    "avgMAE": NaN,
    "IoU": 0.0,
    "F1": 0.0,
    "Precision": 0.0,
    "Recall": 0.0,
    "SuccessRate": 0.0,
    "num_samples": 41,
    "MRE<0.1": 0.0,
    "MRE<0.2": 0.0,
    "MRE<0.3": 0.0,
    "MRE<0.4": 0.0,
    "MRE<0.5": 0.0,
    "MRE<0.6": 0.0,
    "MRE<0.7": 0.0,
    "MRE<0.8": 0.0,
    "MRE<0.9": 0.0,
    "MRE<1.0": 0.0,
    "IoU>0.5": 0.0,
    "IoU>0.6": 0.0,
    "IoU>0.7": 0.0,
    "IoU>0.8": 0.0,
    "IoU>0.9": 0.0,
    "F1>0.5": 0.0,
    "F1>0.6": 0.0,
    "F1>0.7": 0.0,
    "F1>0.8": 0.0,
    "F1>0.9": 0.0,
    "Precision>0.5": 0.0,
    "Precision>0.6": 0.0,
    "Precision>0.7": 0.0,
    "Precision>0.8": 0.0,
    "Precision>0.9": 0.0,
    "Recall>0.5": 0.0,
    "Recall>0.6": 0.0,
    "Recall>0.7": 0.0,
    "Recall>0.8": 0.0,
    "Recall>0.9": 0.0
  },
  "20% <= Box/Image < 25%": {
    "avgMAE": NaN,
    "IoU": 0.0,
    "F1": 0.0,
    "Precision": 0.0,
    "Recall": 0.0,
    "SuccessRate": 0.0,
    "num_samples": 60,
    "MRE<0.1": 0.0,
    "MRE<0.2": 0.0,
    "MRE<0.3": 0.0,
    "MRE<0.4": 0.0,
    "MRE<0.5": 0.0,
    "MRE<0.6": 0.0,
    "MRE<0.7": 0.0,
    "MRE<0.8": 0.0,
    "MRE<0.9": 0.0,
    "MRE<1.0": 0.0,
    "IoU>0.5": 0.0,
    "IoU>0.6": 0.0,
    "IoU>0.7": 0.0,
    "IoU>0.8": 0.0,
    "IoU>0.9": 0.0,
    "F1>0.5": 0.0,
    "F1>0.6": 0.0,
    "F1>0.7": 0.0,
    "F1>0.8": 0.0,
    "F1>0.9": 0.0,
    "Precision>0.5": 0.0,
    "Precision>0.6": 0.0,
    "Precision>0.7": 0.0,
    "Precision>0.8": 0.0,
    "Precision>0.9": 0.0,
    "Recall>0.5": 0.0,
    "Recall>0.6": 0.0,
    "Recall>0.7": 0.0,
    "Recall>0.8": 0.0,
    "Recall>0.9": 0.0
  },
  "25% <= Box/Image < 30%": {
    "avgMAE": NaN,
    "IoU": 0.0,
    "F1": 0.0,
    "Precision": 0.0,
    "Recall": 0.0,
    "SuccessRate": 0.0,
    "num_samples": 57,
    "MRE<0.1": 0.0,
    "MRE<0.2": 0.0,
    "MRE<0.3": 0.0,
    "MRE<0.4": 0.0,
    "MRE<0.5": 0.0,
    "MRE<0.6": 0.0,
    "MRE<0.7": 0.0,
    "MRE<0.8": 0.0,
    "MRE<0.9": 0.0,
    "MRE<1.0": 0.0,
    "IoU>0.5": 0.0,
    "IoU>0.6": 0.0,
    "IoU>0.7": 0.0,
    "IoU>0.8": 0.0,
    "IoU>0.9": 0.0,
    "F1>0.5": 0.0,
    "F1>0.6": 0.0,
    "F1>0.7": 0.0,
    "F1>0.8": 0.0,
    "F1>0.9": 0.0,
    "Precision>0.5": 0.0,
    "Precision>0.6": 0.0,
    "Precision>0.7": 0.0,
    "Precision>0.8": 0.0,
    "Precision>0.9": 0.0,
    "Recall>0.5": 0.0,
    "Recall>0.6": 0.0,
    "Recall>0.7": 0.0,
    "Recall>0.8": 0.0,
    "Recall>0.9": 0.0
  },
  "30% <= Box/Image < 35%": {
    "avgMAE": NaN,
    "IoU": 0.0,
    "F1": 0.0,
    "Precision": 0.0,
    "Recall": 0.0,
    "SuccessRate": 0.0,
    "num_samples": 83,
    "MRE<0.1": 0.0,
    "MRE<0.2": 0.0,
    "MRE<0.3": 0.0,
    "MRE<0.4": 0.0,
    "MRE<0.5": 0.0,
    "MRE<0.6": 0.0,
    "MRE<0.7": 0.0,
    "MRE<0.8": 0.0,
    "MRE<0.9": 0.0,
    "MRE<1.0": 0.0,
    "IoU>0.5": 0.0,
    "IoU>0.6": 0.0,
    "IoU>0.7": 0.0,
    "IoU>0.8": 0.0,
    "IoU>0.9": 0.0,
    "F1>0.5": 0.0,
    "F1>0.6": 0.0,
    "F1>0.7": 0.0,
    "F1>0.8": 0.0,
    "F1>0.9": 0.0,
    "Precision>0.5": 0.0,
    "Precision>0.6": 0.0,
    "Precision>0.7": 0.0,
    "Precision>0.8": 0.0,
    "Precision>0.9": 0.0,
    "Recall>0.5": 0.0,
    "Recall>0.6": 0.0,
    "Recall>0.7": 0.0,
    "Recall>0.8": 0.0,
    "Recall>0.9": 0.0
  },
  "10% <= Box/Image < 15%": {
    "avgMAE": NaN,
    "IoU": 0.0,
    "F1": 0.0,
    "Precision": 0.0,
    "Recall": 0.0,
    "SuccessRate": 0.0,
    "num_samples": 30,
    "MRE<0.1": 0.0,
    "MRE<0.2": 0.0,
    "MRE<0.3": 0.0,
    "MRE<0.4": 0.0,
    "MRE<0.5": 0.0,
    "MRE<0.6": 0.0,
    "MRE<0.7": 0.0,
    "MRE<0.8": 0.0,
    "MRE<0.9": 0.0,
    "MRE<1.0": 0.0,
    "IoU>0.5": 0.0,
    "IoU>0.6": 0.0,
    "IoU>0.7": 0.0,
    "IoU>0.8": 0.0,
    "IoU>0.9": 0.0,
    "F1>0.5": 0.0,
    "F1>0.6": 0.0,
    "F1>0.7": 0.0,
    "F1>0.8": 0.0,
    "F1>0.9": 0.0,
    "Precision>0.5": 0.0,
    "Precision>0.6": 0.0,
    "Precision>0.7": 0.0,
    "Precision>0.8": 0.0,
    "Precision>0.9": 0.0,
    "Recall>0.5": 0.0,
    "Recall>0.6": 0.0,
    "Recall>0.7": 0.0,
    "Recall>0.8": 0.0,
    "Recall>0.9": 0.0
  }
}